geo,name,2016,2017,2018,2019,2020,2021,2022,2023,2024
afg,Afghanistan,39.72625,45.08125,52.34833,51.92958,55.56,59.1775,58.98833,56.74958,54.38625
ago,Angola,47.39542,48.35958,54.57208,57.9525,59.17,56.45625,54.96708,57.59583,58.15208
alb,Albania,64.905,68.65833,78.59667,76.04292,81.3175,85.78042,84.42625,85.07708,83.65375
and,Andorra,,,,,,,40.36792,44.79667,49.8675
are,UAE,46.70333,54.34,59.26,57.6725,66.17417,75.96667,75.9225,77.305,79.14958
arg,Argentina,65.46833,69.09583,68.94292,69.43917,72.1175,77.72792,76.46917,79.18542,80.39083
arm,Armenia,79.74167,82.04625,83.06042,82.22667,82.93833,85.8125,85.05833,83.36458,82.18042
atg,Antigua and Barbuda,,,,,44.47208,50.2375,51.63958,60.3175,63.21083
aus,Australia,83.41667,85.06333,84.36417,84.24167,83.72792,87.00458,87.82625,88.86625,88.97083
aut,Austria,86.32208,86.22958,87.83833,86.79333,88.4525,90.96417,90.10292,92.64667,89.34792
aze,Azerbaijan,54.12875,60.705,68.48625,68.47125,70.86708,73.00375,70.77917,66.78625,69.48875
bdi,Burundi,50.465,54.49208,54.82417,51.24333,50.00625,50.1975,46.85625,43.28083,45.24292
bel,Belgium,74.9525,75.58208,82.1875,82.805,82.28833,87.97125,88.36667,90.16292,87.25875
ben,Benin,48.49042,51.00042,52.79958,52.38292,60.35917,67.19792,65.74292,68.03667,71.0275
bfa,Burkina Faso,49.4675,52.91917,54.85333,54.45667,53.66958,70.42958,67.08167,73.97917,76.36792
bgd,Bangladesh,57.1575,59.60208,59.36083,59.24333,61.30958,69.89625,70.31958,71.48208,71.63833
bgr,Bulgaria,75.01375,76.75125,82.33833,81.99333,83.38292,87.47958,87.15042,88.35042,83.55417
bhr,Bahrain,42.49875,44.80833,50.9575,50.94,54.34583,54.82,54.96333,51.57917,51.96125
bhs,Bahamas,36.70208,38.70333,48.92583,45.45417,48.47333,53.15792,53.24917,51.76667,51.25708
bih,Bosnia and Herzegovina,55.37708,55.86208,61.56,61.5675,62.70708,70.86,68.45375,68.77625,68.55875
blr,Belarus,66.41792,66.09333,76.78708,79.80125,83.64958,88.46375,88.45917,79.40125,77.1975
blz,Belize,48.05583,51.71125,58.51292,56.76542,56.69708,64.30667,65.84333,66.78833,67.68417
bol,Bolivia,58.11417,61.7525,59.0725,58.98625,60.70042,67.14958,67.02417,68.85833,70.23208
bra,Brazil,74.27708,74.24667,77.61333,79.25708,79.17083,81.21292,81.08042,80.63917,82.30833
brb,Barbados,,,,,,,60.69625,62.835,61.73917
brn,Brunei,,,,,57.19333,61.715,60.87,63.20625,61.4375
btn,Bhutan,47.49792,55.185,53.07542,51.98792,51.725,57.42375,57.12167,59.10542,57.97167
bwa,Botswana,50.59125,57.535,56.81042,58.00917,58.83,60.04167,60.80375,64.62375,64.21083
caf,Central African Republic,,,,,,,41.6225,47.26625,46.84167
can,Canada,86.27958,86.44875,86.57083,87.46583,87.43667,93.42083,91.82167,93.46167,92.35875
che,Switzerland,84.39125,85.25667,86.25917,86.18167,87.42,90.38667,89.04125,90.2925,88.7125
chl,Chile,79.68125,78.92167,80.50458,82.43708,82.64208,86.44208,86.10708,86.81708,89.37917
chn,China,53.63625,55.1675,56.03958,59.555,57.4775,58.64875,55.8675,58.84375,57.92667
civ,Cote d'Ivoire,46.91667,52.155,53.27833,51.77833,56.79917,66.68583,63.75375,64.88625,70.20125
cmr,Cameroon,52.99667,57.04,57.05833,54.80333,53.64333,57.52708,58.58167,60.12417,66.0475
cod,"Congo, Dem. Rep.",,33.12125,40.95625,30.42333,43.17708,47.43333,45.32167,46.77917,46.28125
cog,"Congo, Rep.",42.66208,41.61833,36.65167,36.23667,31.73292,33.79542,32.48292,38.49167,38.87083
col,Colombia,71.59,71.9825,72.27542,74.09542,79.06833,82.7475,82.22375,83.2725,83.43833
com,Comoros,,,,,,,,,50.50375
cpv,Cape Verde,53.0125,55.91375,56.55292,56.66542,60.77125,67.385,65.20208,60.52417,59.87375
cri,Costa Rica,78.36625,84.24667,83.35917,85.77792,87.99625,91.00417,90.09458,89.17208,90.98458
cyp,Cyprus,66.51458,66.81417,79.88417,79.61792,76.79167,86.56708,85.73208,88.00208,85.05708
cze,Czech Republic,80.0025,80.47125,86.88583,86.73083,87.89208,92.01125,89.61625,91.04125,87.01
deu,Germany,84.90667,85.56792,87.44167,87.82792,87.80625,92.13917,91.78208,92.47083,90.05542
dji,Djibouti,23.96375,29.87333,37.105,38.27625,39.95708,46.70208,44.67667,39.58,38.10792
dma,Dominica,,,,,40.54292,38.88042,35.7225,36.3425,40.70708
dnk,Denmark,79.63833,81.11792,88.76458,88.88208,89.45917,94.41458,93.20333,95.25583,92.05042
dom,Dominican Republic,63.17167,65.745,63.12833,64.83458,64.9525,70.68958,73.20833,74.45333,75.21583
dza,Algeria,44.73042,48.54458,55.91833,58.3225,53.74625,63.80417,60.90667,57.36292,55.2375
ecu,Ecuador,70.36958,71.03375,72.91042,72.44667,74.20083,78.57333,78.57708,78.47458,79.85833
egy,Egypt,76.26958,75.57542,75.70833,74.40083,76.3425,76.63708,75.95292,77.78667,78.13792
esp,Spain,86.09083,86.78708,87.51542,88.52417,87.93375,91.53417,91.5025,94.325,91.82292
est,Estonia,80.59458,80.18792,86.755,86.41375,86.54625,86.86917,91.89208,92.79458,88.7875
eth,Ethiopia,51.31875,56.37208,54.42625,50.0925,50.14375,60.84375,61.91208,62.67375,61.74875
fin,Finland,87.46125,88.54583,88.7475,88.8475,90.79083,94.3075,93.74917,95.11542,90.37125
fji,Fiji,55.14625,61.65833,61.63458,60.26083,54.61875,63.90042,61.42208,62.49833,67.67667
fra,France,84.88042,86.52667,86.49208,86.23333,87.54667,90.78083,90.83958,92.82958,88.36958
fsm,"Micronesia, Fed. Sts.",25.1125,28.03458,28.1975,27.90125,35.97708,37.8225,36.53542,36.50792,37.10333
gab,Gabon,27.19875,31.99833,27.57208,32.05458,36.09542,45.86958,45.43542,46.82917,45.48208
gbr,UK,82.05667,83.17167,83.18958,83.03833,83.55,87.36167,86.6475,88.9025,88.3775
geo,Georgia,77.045,80.25,78.78292,81.73042,86.49625,90.02917,89.56625,89.2675,87.71708
gha,Ghana,59.3425,62.67042,62.34333,64.16583,63.97292,66.14792,62.9425,66.245,65.73833
gin,Guinea,42.69875,44.6575,42.80125,51.03875,50.95083,60.51917,59.13792,51.3225,49.91333
gmb,Gambia,46.52875,50.71958,52.52083,48.23042,55.45042,67.37583,66.00333,68.58875,67.01375
gnb,Guinea-Bissau,32.6775,41.075,46.01667,37.7325,32.23292,39.30917,40.85917,43.90417,47.52333
gnq,Equatorial Guinea,,,,,33.94708,35.29583,34.83042,31.07125,32.1475
grc,Greece,82.54917,83.86875,84.44708,85.36083,85.95208,89.91375,88.74792,90.57542,86.58417
grd,Grenada,,,,,,,48.40917,49.06583,50.81042
gtm,Guatemala,58.85333,62.16,63.1325,62.53625,69.755,74.03417,72.97292,76.93792,79.35583
guy,Guyana,35.88667,35.0425,44.80083,48.64958,50.17375,54.3075,53.10458,54.05208,54.05833
hnd,Honduras,59.21125,61.21292,61.41,61.17625,58.04458,60.7825,60.44333,65.50083,65.6825
hrv,Croatia,66.43333,65.02,70.52167,70.79417,76.01333,86.51792,84.84083,87.02333,85.05042
hti,Haiti,36.18667,40.665,41.2425,34.67958,38.25208,40.57208,36.55667,37.60542,38.74417
hun,Hungary,83.75167,84.53667,84.63667,84.83417,86.09375,89.93042,86.8725,90.22125,87.87167
idn,Indonesia,68.56458,70.45417,72.02125,71.8725,74.08875,78.78917,78.59583,81.09333,82.34458
ind,India,65.71875,64.99583,67.08542,68.38042,73.48875,77.42792,76.94083,77.30833,73.71833
irl,Ireland,83.93042,85.64958,86.2975,87.3775,88.70458,92.815,89.76125,91.41625,88.31792
irn,Iran,49.67875,49.14167,57.26208,57.35833,52.17208,57.71875,58.15083,62.9625,63.5175
irq,Iraq,36.79417,34.03667,31.81125,35.965,40.83792,53.52708,51.66667,54.11417,53.98333
isl,Iceland,69.47167,71.72958,78.29458,78.35333,79.94167,83.41958,86.08667,81.7425,81.47042
isr,Israel,77.38,81.67833,81.69,81.4725,81.96125,84.91417,85.98167,87.89042,90.29375
ita,Italy,88.62417,88.47042,88.18792,88.19917,88.61667,92.48583,91.4525,93.63875,90.93125
jam,Jamaica,51.02542,54.08583,59.65042,58.64292,60.44167,71.22583,68.99958,71.37208,73.46792
jor,Jordan,56.18583,54.84208,56.22,59.84375,66.48083,77.145,78.62458,78.45208,78.81333
jpn,Japan,76.11833,78.05,87.0325,87.1425,87.76,90.70792,90.28875,90.94375,90.99292
kaz,Kazakhstan,71.67625,72.45417,79.27167,78.89917,78.51833,82.64583,81.92917,82.80542,84.89333
ken,Kenya,55.91667,56.99792,54.96292,56.53458,61.31583,68.06833,68.56417,70.63792,73.355
kgz,Kyrgyz Republic,81.09417,80.13125,78.32458,80.80583,82.015,84.29417,84.65458,77.78083,79.14792
khm,Cambodia,53.78625,56.86292,53.83333,56.19583,54.76375,60.22167,60.59917,61.64667,63.01375
kir,Kiribati,28.05958,28.37,28.1175,28.4975,42.82208,46.34583,47.25167,49.33792,50.04167
kna,St. Kitts and Nevis,,,,,35.60833,44.90417,44.77375,38.16083,42.65917
kor,South Korea,76.16708,78.50208,84.81458,84.61708,86.50125,88.93417,88.455,91.4525,91.5675
kwt,Kuwait,45.54,50.41667,55.72083,58.04958,60.1775,66.23542,59.91042,62.43792,63.37542
lao,Lao,41.50875,45.50708,48.38542,53.28875,56.68,60.34042,58.66292,60.89042,60.84125
lbn,Lebanon,32.74292,37.57458,49.10292,55.53042,58.72375,63.91333,61.61333,61.84958,57.81375
lbr,Liberia,43.25958,50.84083,50.77625,52.60167,58.4325,63.84125,61.95375,59.06625,59.12167
lby,Libya,23.44167,26.7275,22.56583,22.23083,23.41458,23.54958,23.4975,33.06417,34.75125
lca,St. Lucia,56.245,57.11792,55.90542,51.82417,62.23708,65.72167,63.67333,64.33083,64.17458
lka,Sri Lanka,73.23083,74.43542,72.75917,74.71792,77.18917,79.27542,76.73167,77.86708,74.575
lso,Lesotho,49.03875,54.70708,56.03417,55.21542,51.45625,58.62917,57.01167,58.04792,58.23958
ltu,Lithuania,78.56917,78.65083,85.10875,84.94375,85.08625,91.10542,90.57083,93.48083,89.36125
lux,Luxembourg,68.74417,71.01333,78.86375,78.67125,80.575,85.58667,88.08333,88.94083,85.81792
lva,Latvia,83.88208,84.33958,83.66917,83.38917,84.06917,87.97958,89.05083,91.42708,88.08125
mar,Morocco,60.02167,63.67625,66.52417,65.68292,69.50292,69.96042,67.99458,70.01083,73.06833
mda,Moldova,72.2125,70.23792,76.62125,80.3225,82.26125,85.33417,84.07917,86.07167,85.67417
mdg,Madagascar,40.22208,43.19333,51.3575,51.14375,54.83542,57.54417,58.40583,56.40833,57.49708
mdv,Maldives,49.80417,50.305,51.2,53.6925,62.22708,63.22875,59.25208,65.26083,64.37417
mex,Mexico,79.6875,87.71417,86.43167,86.17042,86.33042,89.12083,88.97458,91.63833,90.95042
mhl,Marshall Islands,16.5775,20.89208,21.29042,21.52042,35.45958,41.96667,40.10667,40.98167,43.54042
mkd,North Macedonia,62.60708,66.03625,70.80875,72.69875,77.72208,83.68833,82.5475,84.95875,87.17292
mli,Mali,49.67792,53.87292,57.43,52.77125,54.06125,62.78625,64.41208,63.37833,66.50583
mlt,Malta,70.07042,74.49625,74.70833,75.53833,74.4925,81.61042,81.67208,85.65583,83.8475
mmr,Myanmar,44.09,53.8825,60.93667,63.76292,65.3875,65.43083,65.93583,64.88958,64.52125
mne,Montenegro,57.26333,60.62542,63.41042,65.68917,69.82208,78.20417,72.10458,71.94417,73.89208
mng,Mongolia,68.18167,74.11208,77.46208,77.28333,83.18458,84.495,81.9875,82.70875,83.73333
moz,Mozambique,52.67208,56.39083,56.59792,59.23042,55.86833,59.11708,63.82917,65.42667,66.7375
mrt,Mauritania,40.85417,45.11458,50.94875,54.39875,53.84792,59.63417,59.74042,60.83042,58.44833
mus,Mauritius,74.73083,75.6425,74.29458,72.56708,74.07917,75.14583,76.5225,78.67625,80.44125
mwi,Malawi,55.46583,57.455,55.66458,58.30708,60.68458,65.45583,62.78458,63.58333,64.34375
mys,Malaysia,61.34042,62.53583,70.45417,68.89042,70.77708,74.76625,75.83167,80.08792,84.99125
nam,Namibia,49.86708,52.93583,52.51167,50.21083,50.965,54.5925,53.70833,55.01292,55.66417
ner,Niger,53.95792,56.92458,56.88583,57.35583,60.78792,68.38792,68.76583,66.90625,70.46542
nga,Nigeria,57.11708,56.04208,54.24042,56.91542,58.79083,62.37458,62.75333,65.55708,69.1175
nic,Nicaragua,48.18792,47.95417,51.52083,51.65458,49.17458,56.59125,55.35875,56.45375,55.80375
nld,Netherlands,74.14417,76.21625,84.21958,84.26583,84.91708,89.35875,88.16,89.9825,85.13292
nor,Norway,78.82208,82.61625,90.1625,90.09375,90.46833,93.7625,92.69917,94.55667,94.14333
npl,Nepal,48.22833,53.23333,53.88917,52.88917,54.97,65.66125,62.70125,61.01875,60.36792
nru,Nauru,,,,,,,41.44875,46.4825,47.93958
nzl,New Zealand,78.96292,83.5525,83.5,83.50375,83.67125,88.62792,87.93458,91.30958,91.73875
omn,Oman,41.24333,48.95417,49.93458,50.86958,55.17125,57.56792,58.62792,58.24667,59.22083
pak,Pakistan,56.92333,59.48833,62.20792,61.00542,62.91042,68.34,69.24458,68.91083,68.06125
pan,Panama,54.93417,57.61792,62.90833,64.58458,67.62875,71.62833,73.43625,76.27958,77.7325
per,Peru,62.89375,66.11833,68.27292,68.01292,68.24625,75.79667,77.17292,78.71583,81.98125
phl,Philippines,73.24375,74.49208,75.87958,75.39333,79.15208,81.91958,81.45208,82.70375,83.835
plw,Palau,,,,,53.63042,55.41292,51.69167,55.06542,60.95417
png,Papua New Guinea,26.96542,32.725,40.585,40.50625,44.44208,46.47708,44.04083,44.24458,43.6275
pol,Poland,81.71958,82.58417,88.22958,89.07083,89.90042,94.58583,94.18875,94.65375,91.10625
prt,Portugal,85.675,86.14375,85.95917,86.25917,87.14958,91.56875,92.35833,93.77833,90.70792
pry,Paraguay,53.02042,55.74417,57.63542,59.37958,65.66708,70.04875,71.29333,71.61833,74.20792
pse,Palestine,,58.50833,67.03792,66.76292,73.19208,77.8625,74.925,76.3475,74.40042
qat,Qatar,44.81625,47.71333,47.86792,55.51833,56.26292,67.26625,66.71375,66.78625,68.10458
rou,Romania,,72.455,78.16917,79.17792,84.45792,82.57458,86.64625,88.6175,91.045
rus,Russia,69.58083,72.35625,74.20667,75.85042,77.855,81.50042,80.99458,80.94583,81.50083
rwa,Rwanda,54.78958,63.735,65.03958,62.79208,65.73958,70.19625,67.67667,73.13917,72.60167
sau,Saudi Arabia,42.69875,47.22667,55.125,59.71875,67.33042,72.3025,76.38708,83.86333,83.2875
sdn,Sudan,38.20042,34.64875,42.74833,39.49125,36.3325,39.57875,43.3125,44.06,42.09625
sen,Senegal,55.07917,60.37917,63.83042,65.90042,68.28583,77.45958,75.63125,76.87875,81.41417
sgp,Singapore,65.27708,67.9975,77.93167,78.10917,81.53375,85.06792,86.6675,88.7675,88.31875
slb,Solomon Islands,33.04333,38.59625,44.43333,41.32458,43.63167,50.33417,50.4025,49.255,51.03167
sle,Sierra Leone,45.58792,49.15167,53.58833,53.15333,52.015,58.83625,60.32625,61.105,59.94167
slv,El Salvador,67.36958,68.12083,69.94167,69.46333,65.07708,74.4175,74.09333,75.56083,73.74
som,Somalia,,11.76958,19.67917,25.94792,34.99083,41.60833,43.91333,45.67833,51.71083
srb,Serbia,68.77417,73.73708,75.28542,75.79292,80.86208,81.1475,79.82083,84.07208,80.48875
ssd,South Sudan,30.785,23.96083,25.37583,31.16917,29.85458,32.19208,29.21667,23.84125,27.1225
stp,Sao Tome and Principe,45.595,50.925,51.135,42.63083,54.41375,57.2725,55.83833,53.43125,52.97042
sur,Suriname,36.51625,42.12625,53.38,51.47292,55.86667,61.94583,58.33208,57.5375,58.625
svk,Slovak Republic,82.20208,85.67,85.38625,85.595,86.26042,90.52333,88.47083,89.76833,83.25125
svn,Slovenia,86.86625,88.30792,88.34,88.60125,89.78708,93.07,92.70417,94.22042,91.08667
swe,Sweden,88.02958,88.67125,88.72167,88.86417,90.25875,93.44292,92.96125,94.41,92.66125
swz,Eswatini,46.20125,49.68375,58.54208,51.18042,47.2075,56.45875,52.99583,61.5225,60.965
syc,Seychelles,,52.97833,57.57542,59.90917,61.85167,60.28583,59.34917,59.99792,64.53375
syr,Syria,,24.10792,23.98875,24.11375,25.11083,26.74708,28.26292,31.83792,32.4175
tcd,Chad,28.50292,31.71667,31.91667,38.88333,41.17375,46.84875,48.60583,52.36583,53.56625
tgo,Togo,52.03833,59.44667,60.92917,61.21042,62.40875,69.76667,68.22792,64.42583,66.55208
tha,Thailand,77.69208,76.25042,76.69333,76.12083,79.2775,82.68417,83.97417,83.57833,85.03917
tjk,Tajikistan,50.88958,55.61917,56.18667,56.43042,57.20542,56.71208,53.24708,53.60833,63.86875
tkm,Turkmenistan,19.16333,22.215,16.64708,23.14083,26.84125,28.675,30.74625,30.7175,29.65417
tls,Timor-Leste,,48.83875,54.94833,56.37875,55.93125,57.99375,60.42333,61.80083,60.51667
ton,Tonga,,,,,55.46083,66.18375,63.55,64.05,63.20333
tto,Trinidad and Tobago,38.92708,39.83083,47.01125,44.54333,44.53625,55.44417,57.94708,57.78208,59.38417
tun,Tunisia,62.4075,60.32125,64.71833,64.90083,66.43958,74.73,75.25083,75.45458,75.4575
tur,Turkey,72.64542,77.20292,77.99,78.47125,78.14583,80.0825,77.72083,78.67708,79.34833
tuv,Tuvalu,,,,,,,41.4225,42.68875,43.01667
tza,Tanzania,61.24583,62.47708,57.68125,58.23458,61.53083,64.6225,69.21125,70.85125,68.22042
uga,Uganda,63.93458,67.79,65.84833,67.7375,68.69542,72.49333,65.25875,66.6275,68.69958
ukr,Ukraine,67.34458,68.25292,69.22792,72.14417,76.0125,80.05917,77.52333,78.41333,75.99708
ury,Uruguay,65.5325,68.3375,67.80083,66.99208,70.64583,80.94,76.67458,81.10042,80.14667
usa,USA,87.97,87.10917,87.24958,87.25708,86.89833,92.75,91.87542,93.43042,90.05875
uzb,Uzbekistan,37.73125,43.625,50.54292,53.91,67.80333,71.055,75.79083,81.99208,81.49083
vct,St. Vincent and the Grenadines,39.17875,37.63125,45.26083,48.12458,47.66958,48.53625,48.27958,48.38708,51.95917
ven,Venezuela,45.18,52.16792,49.03833,47.865,47.94625,49.57,48.62667,39.3925,39.4575
vnm,Vietnam,53.71167,59.125,59.62833,58.96208,61.50042,67.10333,66.71792,71.62417,67.23833
vut,Vanuatu,38.14167,40.5075,39.49917,42.68167,41.95792,50.63833,52.03458,52.93583,53.44708
wsm,Samoa,53.17583,58.58542,58.90708,55.38708,59.5925,64.42375,64.02958,64.78458,62.82958
yem,Yemen,39.09875,43.60458,39.72333,33.59458,29.08667,28.31542,32.91792,37.69458,37.43583
zaf,South Africa,76.15208,75.93542,75.57958,73.63833,75.4975,81.04292,81.2425,81.7025,81.28792
zmb,Zambia,56.2475,60.28042,60.6825,60.1875,62.82833,62.29792,62.21458,63.50083,64.16833
zwe,Zimbabwe,41.31458,51.00583,58.18,64.3225,67.97417,72.46417,70.27125,70.4025,66.80208
